-- Seed data for party quiz application

-- Users (82)
INSERT INTO users (id, name, display_name, public_id)
VALUES
  ('user-1', '古田悟', '古田 悟', 'cbb0a0b2-3f44-4ef6-9d3f-18e9f0b5d602'),
  ('user-2', '古田藍美', '古田 藍美', 'd177abd0-5e59-4dd6-93b9-6274957332fb'),
  ('user-3', '古田誠', '古田 誠', '052a14ad-5264-446c-90df-430d9319929f'),
  ('user-4', '古田美和子', '古田 美和子', 'cb5a1c8e-3fd7-4753-8135-1e019507d362'),
  ('user-5', '古田早穂子', '古田 早穂子', '07f0cd93-a938-4c49-a9ad-df9e8cd42a7e'),
  ('user-6', '桑原真惟子', '桑原 真惟子', 'c8dfd8be-50ad-4f26-9da3-bdb6c7d01b81'),
  ('user-7', '桑原平', '桑原 平', '1ad68b55-6c30-494b-a9f4-93decf1a452b'),
  ('user-8', '古田壽一', '古田 壽一', '4462d1c1-c212-4fa2-9abe-3da67c444d10'),
  ('user-9', '古田環', '古田 環', '1cc38c42-fa50-420d-b957-9b3f597afdef'),
  ('user-10', '古田達郎', '古田 達郎', '7c8301d7-cfa5-4bab-ae77-36ccaea9e913'),
  ('user-11', '小山奈緒子', '小山 奈緒子', '99b808d1-70b6-4e10-b4fb-5fc8b91ad1c6'),
  ('user-12', '庄司和子', '庄司 和子', '08b244df-e859-4599-bc18-c91c030661e3'),
  ('user-13', '庄司将人', '庄司 将人', '47be33ee-8759-4b38-9e44-f0601aab2294'),
  ('user-14', '渡邉正信', '渡邉 正信', '7069265c-a761-49f7-86a2-5fc08e58c503'),
  ('user-15', '渡邉由美子', '渡邉 由美子', '6ef7325b-7135-4e98-b4ca-21ce59dc9623'),
  ('user-16', '渡邉和眞', '渡邉 和眞', 'f6b56749-981e-42a5-b347-29aea410f175'),
  ('user-17', '渡邉真純', '渡邉 真純', '3f9b1e6b-a31d-4a2a-9147-177f66d1644b'),
  ('user-18', '中野弘隆', '中野 弘隆', 'b449319e-c270-4ef9-8376-07b250b99fca'),
  ('user-19', '中野直美', '中野 直美', '4d741a89-1c73-49b9-ab80-9efb91de3080'),
  ('user-20', '中野航希', '中野 航希', 'd4a221e0-f0dc-41fd-af1a-3fc0070c0276'),
  ('user-21', '中野武志', '中野 武志', '5f27c23a-28e0-4d0c-a461-27c1f9ec4938'),
  ('user-22', '中野恵美', '中野 恵美', '20d1d401-89bd-43f1-9f2c-448edaae15f3'),
  ('user-23', '中野武太郎', '中野 武太郎', 'd30c6483-add4-449d-a12c-01ff1a1953da'),
  ('user-24', '飯野勝俊', '飯野 勝俊', '64226057-1ab5-4395-ae8b-5834078a0c0e'),
  ('user-25', '飯野さおり', '飯野 さおり', 'c72d2baa-ccb3-48f4-882d-85c89cefdc23'),
  ('user-26', '飯野さくら', '飯野 さくら', 'd5f5e9d9-86f4-4572-853a-e82bc90b1d49'),
  ('user-27', '渡邊有一', '渡邊 有一', 'c8ff3270-acaa-4527-9474-a2b16ef10e32'),
  ('user-28', '渡邊千春', '渡邊 千春', 'b6aa5569-3036-4968-82d3-f04352e4fff2'),
  ('user-29', '渡邊結名', '渡邊 結名', 'f9194cb4-f1b1-4d22-b76b-259b4200f1e5'),
  ('user-30', '渡邊陽斗', '渡邊 陽斗', 'e24d3128-da7a-41a3-b94c-56a8d13aa61e'),
  ('user-31', '八木翔馬', '八木 翔馬', 'f6d7f3e4-e31a-4138-8652-ed50ebbadf1c'),
  ('user-32', '町田陸', '町田 陸', 'a58119f2-9ceb-4b07-8414-aae55e4fd9ab'),
  ('user-33', '山下大翔', '山下 大翔', 'b04bab4e-d009-4ac2-9a4e-34b6e76bdf40'),
  ('user-34', '諸冨希実', '諸冨 希実', '22cb009e-25e9-46f1-ab4a-f6234de7bcae'),
  ('user-35', '大西咲希', '大西 咲希', 'c401647f-950a-4bfb-a25c-61938784862c'),
  ('user-36', '高野竜', '高野 竜', '48893995-d10d-4466-90e6-d42bd2277b94'),
  ('user-37', '小橋悠介', '小橋 悠介', '17fb3641-63a5-4087-9d10-1a05fd7688a9'),
  ('user-38', '妹尾駿', '妹尾 駿', '0b7ea9ec-67ad-416d-80e3-056534d445be'),
  ('user-39', '里正天', '里正 天', '7a0c5f04-317c-49b0-9f44-eb40e447fe89'),
  ('user-40', '田中理久', '田中 理久', 'b743b982-bd7f-4be8-98c5-e2bf72346eee'),
  ('user-41', '匂坂将人', '匂坂 将人', '0054f0df-48ee-4b26-ad08-b8d78c6d7af3'),
  ('user-42', '米田智樹', '米田 智樹', 'c03ef53a-ea06-4129-a2f4-5acf2b92ce02'),
  ('user-43', '倉持勇汰', '倉持 勇汰', '89b31219-3839-43c0-8e0d-b59854cb6d11'),
  ('user-44', '瀬尾功', '瀬尾 功', 'dd4fc4b0-45ae-4cee-994f-ca7e0af977d1'),
  ('user-45', '福島将仁', '福島 将仁', '2bfe3e34-b53e-4644-acaf-4aa6d60b1f9e'),
  ('user-46', '青野舜', '青野 舜', 'db2b2f21-e287-4ccd-99b5-60455d8abe1a'),
  ('user-47', '近江啓', '近江 啓', 'ef951450-0af0-45e6-85c7-97f4bd063f97'),
  ('user-48', '木村光佑', '木村 光佑', 'a9aaad6b-bc86-4a78-9b76-8f9722d805f1'),
  ('user-49', '佐藤孝樹', '佐藤 孝樹', '69fb2264-1fb5-4473-8c29-278ce6d03287'),
  ('user-50', '西田徳成', '西田 徳成', '84b1aae1-dd04-4409-a4ff-1cd5f0d14cf2'),
  ('user-51', '菅野亮帆', '菅野 亮帆', 'fd2e3c8a-fabb-41cf-a484-d92067f14d48'),
  ('user-52', '冨山英佑', '冨山 英佑', '0e7e07d9-dd88-4d00-8c63-62627ac12bd0'),
  ('user-53', '狩俣丈二', '狩俣 丈二', 'e35ce2d7-e336-46c9-b3c8-42de1c599e0d'),
  ('user-54', '樋口瑠生', '樋口 瑠生', 'a65880a7-b82a-48f3-bbc3-527ab07e992e'),
  ('user-55', '松本和人', '松本 和人', 'd657359e-1f48-4db7-b5fc-498cae24e607'),
  ('user-56', '伊藤広記', '伊藤 広記', 'fc62b524-7bb3-4f8b-ace7-5d3b136d91b4'),
  ('user-57', '有澤達哉', '有澤 達哉', '11256683-a846-49db-9a3a-b70a702d3083'),
  ('user-58', '野村愛奈', '野村 愛奈', '3c395067-177e-494a-be01-3011b96287f8'),
  ('user-59', '本橋初菜', '本橋 初菜', '25573ba4-5139-40cb-a9df-28f6df3a610e'),
  ('user-60', '佐々木那月', '佐々木 那月', '4d66861f-2e06-4df9-96be-ad7b9160375b'),
  ('user-61', '中山あすか', '中山 あすか', '0645bbb2-43ea-4129-848a-512279a8c5ab'),
  ('user-62', '鈴木奈菜', '鈴木 奈菜', '17775b1f-e2ef-49c1-bcfd-d183ad9ef2f2'),
  ('user-63', '平田莉穂', '平田 莉穂', '9d2950e0-d5db-414c-b82b-d881f3f0a2b8'),
  ('user-64', '山﨑祐奈', '山﨑 祐奈', '6e814c8e-1a08-4f4f-962e-d8e826bef780'),
  ('user-65', '川村瑶果', '川村 瑶果', '88d6ceea-76c6-4eb8-9df2-68be8a0b4ed6'),
  ('user-66', '大久保ことね', '大久保 ことね', 'f262a6ed-5f98-46b2-b235-ef8c24536ab7'),
  ('user-67', '小峯梨菜', '小峯 梨菜', '3347bfe0-4a35-4aeb-bc40-2c0baf9545a4'),
  ('user-68', '櫟原美里', '櫟原 美里', 'cd452349-bc8d-417b-815b-6f42a86c36ec'),
  ('user-69', '青木榛乃', '青木 榛乃', '6e65b6a3-7da3-4dc3-83d3-28a9442ec368'),
  ('user-70', '上嶋百合佳', '上嶋 百合佳', 'f066f706-5db8-4640-8bf5-300911dbbd40'),
  ('user-71', '渡部翔子', '渡部 翔子', '0e1be0db-6f62-4adc-8b65-16c389a83b81'),
  ('user-72', '増田有香', '増田 有香', '6c822753-2f79-4276-a42b-dba520e51db4'),
  ('user-73', '河津優香', '河津 優香', 'fb10fb9a-75cd-4ab4-8da6-6348f3cc75db'),
  ('user-74', '久世晃暢', '久世 晃暢', '47bcecb1-f49b-42ec-a300-86859b1bd928'),
  ('user-75', '外山侑穂', '外山 侑穂', '46c1373d-436f-4ece-a1bc-447bdb5bec87'),
  ('user-76', '小田頌子', '小田 頌子', '03e38003-2a99-4d48-8f7f-ef5d0d439b5c'),
  ('user-77', '村上拓', '村上 拓', 'fb856e07-0025-48b0-acee-3e7d7ce0af3d'),
  ('user-78', '萩原郁哉', '萩原 郁哉', '37b73f2c-765c-49e7-8e36-3f1420da93c5'),
  ('user-79', '高橋将司', '高橋 将司', '72cb7b90-7865-47c9-803a-db78ebe60528'),
  ('user-80', '大場美智子', '大場 美智子', '49f56ab2-fcd5-4ae7-8c67-8561bd38dbb8'),
  ('user-81', '大林志帆', '大林 志帆', '7a8a289c-1ccd-499e-962f-8991615d147c');

-- Quiz (1)
INSERT INTO quizzes (id, title, description)
VALUES
  ('quiz-1', 'General Knowledge', 'Sample quiz with three questions');

INSERT INTO questions (id, quiz_id, text, order_index, time_limit_sec, reveal_duration_sec, pending_result_sec)
VALUES
  ('q-1', 'quiz-1', '新婦が最近ハマり始めた趣味は?', 1, 30, 31, 4),
  ('q-2', 'quiz-1', '新郎・新婦の幼少期の写真は?', 2, 30, 133, 4),
  ('q-3', 'quiz-1', '新郎が、新婦に影響されてするようになったことは?', 3, 30, 50, 9),
  ('q-4', 'quiz-1', 'デートプランを考えるのは?', 4, 30, 60, 4),
  ('q-5', 'quiz-1', 'イチオシメニューは?', 5, 30, 37, 11),
  ('q-6', 'quiz-1', '再入場のドレスの色は?', 6, 30, 600, 600);

-- Choices (4) for each question
-- q-1 choices
INSERT INTO choices (id, question_id, text, is_correct)
VALUES
  ('c-1-1', 'q-1', '坐禅', 0),
  ('c-1-2', 'q-1', 'レイトショー', 0),
  ('c-1-3', 'q-1', '発酵食品', 0),
  ('c-1-4', 'q-1', 'F1観戦', 1),
  ('c-2-1', 'q-2', '組み', 0),
  ('c-2-2', 'q-2', '組み', 0),
  ('c-2-3', 'q-2', '組み', 0),
  ('c-2-4', 'q-2', '組み', 1),
  ('c-3-1', 'q-3', 'パック', 0),
  ('c-3-2', 'q-3', 'アイドルの曲を聴く', 1),
  ('c-3-3', 'q-3', '恋リア視聴', 0),
  ('c-3-4', 'q-3', '洗濯', 0),
  ('c-4-1', 'q-4', 'どっちも新郎', 0),
  ('c-4-2', 'q-4', 'お互い', 0),
  ('c-4-3', 'q-4', 'どっちも自分', 0),
  ('c-4-4', 'q-4', 'どっちも新婦', 1),
  ('c-5-1', 'q-5', '2品目', 1),
  ('c-5-2', 'q-5', '3品目', 0),
  ('c-5-3', 'q-5', '4品目', 0),
  ('c-5-4', 'q-5', '5品目', 0),
  ('c-6-1', 'q-6', '青', 1),
  ('c-6-2', 'q-6', '白', 0),
  ('c-6-3', 'q-6', '金', 0),
  ('c-6-4', 'q-6', '灰', 0);